Season,Matches,Total_Runs,Total_Wickets,Average_Runs_per_Match,Run_Rate,Sixes
2008,58,17937,690,309.26,7.98,623
2009,57,16353,698,286.89,7.21,508
2010,60,18883,725,314.72,7.81,587
2011,73,21154,813,289.78,7.46,639
2012,74,22453,858,303.42,7.58,733
2013,76,22602,912,297.39,7.46,681
2014,60,18931,674,315.52,7.94,715
2015,59,18353,691,311.07,8.07,692
2016,60,18862,666,314.37,8.03,639
2017,59,18786,711,318.41,8.13,706
2018,60,19901,722,331.68,8.36,872
2019,60,19434,685,323.9,8.15,786
2020,60,19416,677,323.6,8.0,736
2021,60,18637,717,310.62,7.75,687
2022,74,24395,912,329.66,8.17,1062
2023,74,25688,916,347.14,8.63,1124
2024,71,25971,883,365.79,9.11,1261
